(Statements made under) Coercion	(جبر کے تحت) بیانات	(दबाव में दिए गए) बयान	(জবরদস্তিতে দেওয়া) স্বীকারোক্তি	(Pernyataan di bawah) Paksaan
Ablutions (Wudu')	وضو	वुज़ू	ওযু	Wudu
Accepting Information Given by a Truthful Person	سچے شخص کی دی ہوئی خبر قبول کرنا	सच्चे व्यक्ति की दी हुई सूचना स्वीकार करना	সত্যবাদী ব্যক্তির দেওয়া তথ্য গ্রহণ	Menerima informasi dari orang yang jujur
Actions while Praying	نماز کے دوران افعال	नमाज़ के दौरान किए जाने वाले काम	নামাজের সময় করণীয়	Perbuatan saat salat
Afflictions and the End of the World	فتنے اور قیامت	उपद्रव और दुनिया का अंत	ফিতনা ও কিয়ামত	Fitnah dan akhir zaman
Agriculture	زراعت	कृषि	কৃষিকাজ	Pertanian
Al-Adha Festival Sacrifice (Adaahi)	قربانی (اضاحی)	कुरबानी (अदाही)	কুরবানি (আদাহী)	Kurban Iduladha (Adahi)
Apostates	مرتد	धर्मत्यागी	মুরতাদ	Orang murtad
Asking Permission	اجازت مانگنا	अनुमति माँगना	অনুমতি চাওয়া	Meminta izin
Bathing (Ghusl)	غسل	ग़ुस्ल	গোসল	Mandi (Ghusl)
Battles (Kitab Al-Malahim)	ملحمے (کتاب الملاحم)	युद्ध (किताब अल-मलाहिम्)	যুদ্ধ (কিতাবুল মালাহিম)	Peperangan (Kitab Al-Malahim)
Beginning of Creation	آغازِ تخلیق	सृष्टि का आरंभ	সৃষ্টির সূচনা	Awal penciptaan
Belief	ایمان	ईमान	ঈমান	Iman
Blood Money (Ad-Diyat)	دیت	खूनबहा (अद-दियात)	দিয়াত	Diyat (tebusan nyawa)
Call to Prayers (Adhaan)	اذان	अज़ान	আজান	Azan
Chapters On Al-Fitan	فتنوں کے ابواب	अल-फितन के अध्याय	আল-ফিতন সংক্রান্ত অধ্যায়	Bab Al-Fitan
Chapters On Al-Qadar	تقدیر کے ابواب	अल-कदर के अध्याय	আল-কদর সংক্রান্ত অধ্যায়	Bab Al-Qadar
Chapters On Dreams	خوابوں کے ابواب	स्वप्नों के अध्याय	স্বপ্ন সংক্রান্ত অধ্যায়	Bab mimpi
Chapters On Inheritance	میراث کے ابواب	विरासत के अध्याय	মিরাস সংক্রান্ত অধ্যায়	Bab warisan
Chapters On Wala' And Gifts	ولا اور ہبہ کے ابواب	वला और उपहार के अध्याय	ওয়ালা ও উপহার সংক্রান্ত অধ্যায়	Bab wala' dan hadiah
Chapters On Wasaya (Wills and Testament)	وصیت کے ابواب	वसीयत के अध्याय	ওয়াসিয়াত সংক্রান্ত অধ্যায়	Bab wasiat
Chapters On Witnesses	گواہوں کے ابواب	गवाहों के अध्याय	সাক্ষী সংক্রান্ত অধ্যায়	Bab saksi
Chapters On Zuhd	زہد کے ابواب	जुहद के अध्याय	জুহদ সংক্রান্ত অধ্যায়	Bab zuhud
Chapters Regarding Funerals	جنازوں کے ابواب	जनाज़े के अध्याय	জানাজা সংক্রান্ত অধ্যায়	Bab jenazah
Chapters on Dress	لباس کے ابواب	पोशाक के अध्याय	পোশাক সংক্রান্ত অধ্যায়	Bab pakaian
Chapters on Drinks	مشروبات کے ابواب	पेय के अध्याय	পানীয় সংক্রান্ত অধ্যায়	Bab minuman
Chapters on Food	کھانے کے ابواب	भोजन के अध्याय	খাবার সংক্রান্ত অধ্যায়	Bab makanan
Chapters on Hajj Rituals	حج کے مناسک کے ابواب	हज के अनुष्ठानों के अध्याय	হজের অনুষ্ঠান সংক্রান্ত অধ্যায়	Bab manasik haji
Chapters on Hunting	شکار کے ابواب	शिकार के अध्याय	শিকার সংক্রান্ত অধ্যায়	Bab berburu
Chapters on Knowledge	علم کے ابواب	ज्ञान के अध्याय	জ্ঞান সংক্রান্ত অধ্যায়	Bab ilmu
Chapters on Manners	آداب کے ابواب	शिष्टाचार के अध्याय	শিষ্টাচার সংক্রান্ত অধ্যায়	Bab adab
Chapters on Medicine	طب کے ابواب	चिकित्सा के अध्याय	চিকিৎসা সংক্রান্ত অধ্যায়	Bab pengobatan
Chapters on Parables	مثالوں کے ابواب	उदाहरणों के अध्याय	উপমা সংক্রান্ত অধ্যায়	Bab perumpamaan
Chapters on Recitation	قراءت کے ابواب	तिलावत के अध्याय	তিলাওয়াত সংক্রান্ত অধ্যায়	Bab bacaan
Chapters on Righteousness And Maintaining Good Relations With Relatives	نیکی اور صلہ رحمی کے ابواب	नेकी और नातेदारी निभाने के अध्याय	সৎকর্ম ও আত্মীয়তার সম্পর্ক রক্ষা সংক্রান্ত অধ্যায়	Bab kebajikan dan silaturahmi
Chapters on Sacrifices	قربانی کے ابواب	कुरबानी के अध्याय	কুরবানি সংক্রান্ত অধ্যায়	Bab kurban
Chapters on Seeking Permission	اجازت طلبی کے ابواب	अनुमति माँगने के अध्याय	অনুমতি চাওয়া সংক্রান্ত অধ্যায়	Bab meminta izin
Chapters on Shares of Inheritance	حصوںِ میراث کے ابواب	विरासत के हिस्सों के अध्याय	মিরাসের অংশ সংক্রান্ত অধ্যায়	Bab bagian warisan
Chapters on Slaughtering	ذبیحہ کے ابواب	ज़बह करने के अध्याय	জবাই সংক্রান্ত অধ্যায়	Bab penyembelihan
Chapters on Supplication	دعا کے ابواب	दुआ के अध्याय	দোয়া সংক্রান্ত অধ্যায়	Bab doa
Chapters on Tafsir	تفسیر کے ابواب	तफ़सीर के अध्याय	তাফসির সংক্রান্ত অধ্যায়	Bab tafsir
Chapters on The Virtues of the Qur'an	فضائلِ قرآن کے ابواب	कुरआन की فضीलतों के अध्याय	কুরআনের ফজিলত সংক্রান্ত অধ্যায়	Bab keutamaan Al-Qur'an
Chapters on Virtues	فضائل کے ابواب	फ़ज़ीलतों के अध्याय	ফজিলত সংক্রান্ত অধ্যায়	Bab keutamaan
Chapters on the description of Paradise	جنت کی صفات کے ابواب	जन्नत के वर्णन के अध्याय	জান্নাতের বিবরণ সংক্রান্ত অধ্যায়	Bab sifat surga
Chapters on the description of the Day of Judgement, Ar-Riqaq, and Al-Wara'	قیامت، رقائق اور ورع کے ابواب	कयामत, अर्-रिक़ाक और अल-वरअ के अध्याय	কিয়ামত, আর-রিকাক ও আল-ওয়ারা সংক্রান্ত অধ্যায়	Bab hari kiamat, Ar-Riqaq, dan Al-Wara'
Characteristics of The Hypocrites And Rulings Concerning Them	منافقین کی صفات اور ان کے احکام	मुनाफिक़ों की विशेषताएँ और उनके अहकाम	মুনাফিকদের বৈশিষ্ট্য ও সংশ্লিষ্ট বিধান	Sifat orang munafik dan hukumnya
Characteristics of the Day of Judgment, Paradise, and Hell	قیامت، جنت اور دوزخ کی صفات	कयामत, जन्नत और जहन्नम की विशेषताएँ	কিয়ামত, জান্নাত ও জাহান্নামের বৈশিষ্ট্য	Sifat hari kiamat, surga, dan neraka
Clothing (Kitab Al-Libas)	لباس (کتاب اللباس)	वस्त्र (किताब अल-लिबास)	পোশাক (কিতাবুল লিবাস)	Pakaian (Kitab Al-Libas)
Combing the Hair (Kitab Al-Tarajjul)	بالوں کی تیمار (کتاب الترجّل)	बाल संवारना (किताब अत-तरज्जुल)	চুল আঁচড়ানো (কিতাবুত তারজ্জুল)	Menyisir rambut (Kitab Al-Tarajjul)
Commercial Transactions (Kitab Al-Buyu)	تجارتی معاملات (کتاب البیوع)	व्यापार (किताब अल-बुयू)	ব্যবসা-বাণিজ্য (কিতাবুল বুয়ু)	Jual beli (Kitab Al-Buyu)
Companions of the Prophet	اصحابِ رسول	नबी के सहाबा	নবীর সাহাবিগণ	Para sahabat Nabi
Conditions	شرائط	शर्तें	শর্তাবলি	Syarat-syarat
Dialects and Readings of the Qur'an (Kitab Al-Huruf Wa Al-Qira'at)	قرآن کے لہجے اور قراءتیں (کتاب الحروف والقراءات)	कुरआन की बोलियाँ और क़िराअतें (किताब अल-हुरूफ वल-क़िराआत)	কুরআনের উপভাষা ও কিরাআত (কিতাবুল হুরুফ ওয়াল কিরাআত)	Dialek dan qiraat Al-Qur'an (Kitab Al-Huruf Wa Al-Qira'at)
Distribution of Water	پانی کی تقسیم	जल वितरण	পানি বণ্টন	Pembagian air
Divination and Omens (Kitab Al-Kahanah Wa Al-Tatayyur)	کهانت اور شگون (کتاب الکہانہ والتطیر)	भविष्यवाणी और शकुन (किताब अल-कहानह वत-ततय्युर)	গণক ও শকুন (কিতাবুল কাহানাহ ওয়াত তাতায়্যুর)	Perdukunan dan tathayyur (Kitab Al-Kahanah Wa Al-Tatayyur)
Divine Will (Al-Qadar)	تقدیر (القدر)	ईश्वरीय इच्छा (अल-कदर)	তাকদির (আল-কদর)	Takdir (Al-Qadar)
Divorce	طلاق	तलाक	তালাক	Talak
Divorce (Kitab Al-Talaq)	طلاق (کتاب الطلاق)	तलाक (किताब अत-तलाक)	তালাক (কিতাবুত তালাক)	Talak (Kitab Al-Talaq)
Dress	لباس	पोशाक	পোশাক	Pakaian
Drinks	مشروبات	पेय	পানীয়	Minuman
Drinks (Kitab Al-Ashribah)	مشروبات (کتاب الاشربہ)	पेय (किताब अल-अश्रिबह)	পানীয় (কিতাবুল আশরবাহ)	Minuman (Kitab Al-Ashribah)
Eclipses	سورج اور چاند گرہن	ग्रहण	গ্রহণ	Gerhana
Establishing the Prayer and the Sunnah Regarding Them	نماز قائم کرنا اور اس کی سنتیں	नमाज़ क़ायम करना और उसकी सुन्नतें	নামাজ কায়েম ও সংশ্লিষ্ট সুন্নাহ	Mendirikan salat dan sunahnya
Etiquette	آداب	शिष्टाचार	শিষ্টাচার	Adab
Expiation for Unfulfilled Oaths	ناتمام قسم کا کفارہ	अधूरी क़सम का कफ़्फ़ारा	অপূর্ণ শপথের কাফফারা	Kafarat sumpah yang tidak dipenuhi
Fasting	روزہ	रोज़ा	রোজা	Puasa
Fasting (Kitab Al-Siyam)	روزہ (کتاب الصیام)	रोज़ा (किताब अस-सियाम)	রোজা (কিতাবুস সিয়াম)	Puasa (Kitab Al-Siyam)
Fear Prayer	نمازِ خوف	भय की नमाज़	ভয়ের নামাজ	Salat khauf
Fighting for the Cause of Allah (Jihaad)	جہاد فی سبیل اللہ	अल्लाह के मार्ग में जिहाद	আল্লাহর পথে জিহাদ	Jihad fi sabilillah
Food, Meals	کھانا	भोजन	খাবার	Makanan
Foods (Kitab Al-At'imah)	کھانے (کتاب الاطعمہ)	भोजन (किताब अल-अतिमाह)	খাবার (কিতাবুল আতিমাহ)	Makanan (Kitab Al-At'imah)
Forgetfulness in Prayer	نماز میں سہو	नमाज़ में भूल	নামাজে ভুল	Lupa dalam salat
Friday Prayer	نمازِ جمعہ	जुमे की नमाज़	জুমার নামাজ	Salat Jumat
Funerals (Al-Janaa'iz)	جنازے	जनाज़े	জানাজা	Jenazah (Al-Janaiz)
Funerals (Kitab Al-Jana'iz)	جنازے (کتاب الجنائز)	जनाज़े (किताब अल-जनाइज़)	জানাজা (কিতাবুল জানাইজ)	Jenazah (Kitab Al-Jana'iz)
Game (Kitab Al-Said)	شکار (کتاب الصید)	शिकार (किताब अस-सैद)	শিকার (কিতাবুস সাইদ)	Buruan (Kitab Al-Said)
General Behavior (Kitab Al-Adab)	عام آداب (کتاب الادب)	सामान्य आचरण (किताब अल-अदब)	সাধারণ আচরণ (কিতাবুল আদাব)	Adab umum (Kitab Al-Adab)
Gifts	ہبہ	उपहार	উপহার	Hadiah
Good Manners and Form (Al-Adab)	حسنِ اخلاق (الادب)	सदाचार (अल-अदब)	সদাচার (আল-আদাব)	Akhlak mulia (Al-Adab)
Hajj (Pilgrimage)	حج	हज	হজ	Haji
Hiring	اجارہ	किराए पर लेना	ভাড়া	Sewa-menyewa
Holding Fast to the Qur'an and Sunnah	قرآن و سنت کو مضبوطی سے تھامنا	कुरआन और सुन्नत को मज़बूती से थामना	কুরআন ও সুন্নাহকে দৃঢ়ভাবে আঁকড়ে ধরা	Berpegang teguh pada Al-Qur'an dan Sunah
Hot Baths (Kitab Al-Hammam)	حمام (کتاب الحمّام)	गरम स्नान (किताब अल-हम्माम)	গরম স্নান (কিতাবুল হাম্মাম)	Pemandian (Kitab Al-Hammam)
Hunting, Slaughtering	شکار اور ذبیحہ	शिकार और ज़बह	শিকার ও জবাই	Berburu dan menyembelih
Interpretation of Dreams	تعبیرِ خواب	स्वप्न व्याख्या	স্বপ্নের ব্যাখ্যা	Tafsir mimpi
Introduction	مقدمہ	भूमिका	ভূমিকা	Pendahuluan
Invocations	دعائیں	दुआएँ	দোয়াসমূহ	Doa-doa
Invoking Allah for Rain (Istisqaa)	نمازِ استسقاء	वृष्टि की दुआ (इस्तिस्का)	ইস্তিসকা	Salat istisqa
Jihad (Kitab Al-Jihad)	جہاد (کتاب الجہاد)	जिहाद (किताब अल-जिहाद)	জিহাদ (কিতাবুল জিহাদ)	Jihad (Kitab Al-Jihad)
Jizyah and Mawaada'ah	جزیہ اور معاہدہ	जज़िया और संधि	জিজিয়া ও সন্ধি	Jizyah dan perjanjian damai
Judgments (Ahkaam)	احکام	निर्णय (अहकाम)	আহকাম	Hukum-hukum (Ahkam)
Kafalah	کفالت	कफ़ालत	কাফালাহ	Kafalah
Khusoomaat	خصومات	विवाद	বিবাদ	Perselisihan
Knowledge	علم	ज्ञान	জ্ঞান	Ilmu
Knowledge (Kitab Al-Ilm)	علم (کتاب العلم)	ज्ञान (किताब अल-इल्म)	জ্ঞান (কিতাবুল ইলম)	Ilmu (Kitab Al-Ilm)
Laws of Inheritance (Al-Faraa'id)	فرائض	विरासत के नियम (अल-फ़राइद)	ফারায়েজ	Hukum waris (Al-Faraid)
Limits and Punishments set by Allah (Hudood)	حدود	अल्लाह की निर्धारित हदें	হুদুদ	Hudud
Loans, Payment of Loans, Freezing of Property, Bankruptcy	قرض، ادائیگی، جائیداد روکنا اور دیوالیہ پن	कर्ज़, भुगतान, संपत्ति रोकना और दिवालियापन	ঋণ, পরিশোধ, সম্পত্তি স্থগিত ও দেউলিয়াত্ব	Utang, pelunasan, pembekuan harta, dan pailit
Lost Things Picked up by Someone (Luqatah)	لقطہ	पड़ी हुई वस्तु (लुक़ता)	লুকতা	Barang temuan (Luqatah)
Makaatib	مکاتب	मुकातब	মুকাতাব	Muktab (budak yang menebus diri)
Manumission of Slaves	غلاموں کی آزادی	दास मुक्ति	দাসমুক্তি	Memerdekakan budak
Marriage (Kitab Al-Nikah)	نکاح (کتاب النکاح)	निकाह (किताब अन-निकाह)	নিকाह (কিতাবুন নিকাহ)	Pernikahan (Kitab Al-Nikah)
Medicine	طب	चिकित्सा	চিকিৎসা	Pengobatan
Medicine (Kitab Al-Tibb)	طب (کتاب الطب)	चिकित्सा (किताब अत-तिब्ब)	চিকিৎসা (কিতাবুত তিব্ব)	Pengobatan (Kitab Al-Tibb)
Menstrual Periods	حیض	मासिक धर्म	হায়েজ	Haid
Merits of the Helpers in Madinah (Ansaar)	فضائلِ انصار	मदीना के अंसार की फ़ज़ीलत	আনসারের ফজিলত	Keutamaan Ansar
Military Expeditions led by the Prophet (pbuh) (Al-Maghaazi)	غزواتِ نبوی (المغازی)	नबी की सैन्य यात्राएँ (अल-मगाज़ी)	নবীর সামরিক অভিযান (আল-মাগাজি)	Ekspedisi Nabi (Al-Maghazi)
Model Behavior of the Prophet (Kitab Al-Sunnah)	اسوۂ رسول (کتاب السنّہ)	नबी का आदर्श आचरण (किताब अस-सुन्नह)	নবীর আদর্শ আচরণ (কিতাবুস সুন্নাহ)	Keteladanan Nabi (Kitab Al-Sunnah)
Mortgaging	رہن	गिरवी	বন্ধক	Gadai
Oaths and Vows	قسمیں اور منتیں	क़समें और मन्नतें	শপথ ও মানত	Sumpah dan nazar
Oaths and Vows (Kitab Al-Aiman Wa Al-Nudhur)	قسمیں اور منتیں (کتاب الایمان والنذور)	क़समें और मन्नतें (किताब अल-ऐमान वन-नुधूर)	শপথ ও মানত (কিতাবুল আইমান ওয়ান নুধুর)	Sumpah dan nazar (Kitab Al-Aiman Wa Al-Nudhur)
Obligatory Charity Tax (Zakat)	زکوٰۃ	ज़कात	যাকাত	Zakat
One-fifth of Booty to the Cause of Allah (Khumus)	خمس	युद्ध-लूट का पाँचवाँ भाग (खुमुस)	খুমুস	Khums
Oneness, Uniqueness of Allah (Tawheed)	توحید	अल्लाह की एकता (तौहीद)	তাওহীদ	Tauhid
Oppressions	مظالم	अत्याचार	অত্যাচার	Kezaliman
Partnership	شراکت	साझेदारी	অংশীদারিত্ব	Persekutuan
Patients	مریض	रोगी	রোগী	Orang sakit
Peacemaking	صلح	सुलह	সন্ধি	Perdamaian
Penalty of Hunting while on Pilgrimage	احرام میں شکار کی سزا	तीर्थयात्रा के दौरान शिकार का दंड	ইহরাম অবস্থায় শিকারের শাস্তি	Denda berburu saat ihram
Pilgrims Prevented from Completing the Pilgrimage	احصار	हज पूरा न कर पाने वाले हाजी	হজ পূর্ণ করতে বাধাপ্রাপ্ত হজযাত্রী	Jamaah yang terhalang menyempurnakan haji
Prayer (Kitab Al-Salat)	نماز (کتاب الصلوٰۃ)	नमाज़ (किताब अस-सलात)	নামাজ (কিতাবুস সালাত)	Salat (Kitab Al-Salat)
Prayer (Kitab Al-Salat): Detailed Injunctions about Ramadan	نماز: رمضان کے تفصیلی احکام	नमाज़: रमज़ान के विस्तृत अहकाम	নামাজ: রমজানের বিস্তারিত বিধান	Salat: hukum rinci tentang Ramadan
Prayer (Kitab Al-Salat): Detailed Injunctions about Witr	نماز: وتر کے تفصیلی احکام	नमाज़: वित्र के विस्तृत अहकाम	নামাজ: বিতরের বিস্তারিত বিধান	Salat: hukum rinci tentang witir
Prayer (Kitab Al-Salat): Detailed Rules of Law about the Prayer during Journey	نماز: سفر کی نماز کے تفصیلی احکام	नमाज़: यात्रा की नमाज़ के विस्तृत नियम	নামাজ: সফরের নামাজের বিস্তারিত বিধান	Salat: hukum rinci salat dalam perjalanan
Prayer (Kitab Al-Salat): Prostration while reciting the Qur'an	نماز: تلاوت کی سجدے	नमाज़: कुरआन पढ़ते समय सजदा	নামাজ: কুরআন তিলাওয়াতে সিজদা	Salat: sujud tilawah
Prayer (Kitab Al-Salat): Voluntary Prayers	نماز: نوافل	नमाज़: नफ़्ल नमाज़ें	নামাজ: নফল নামাজ	Salat: salat sunah
Prayer at Night (Tahajjud)	نمازِ تہجد	ताहज्जुद	তাহাজ্জুদ	Salat tahajud
Prayers (Salat)	نماز	नमाज़	নামাজ	Salat
Praying at Night in Ramadaan (Taraweeh)	تراویح	तरावीह	তারাবিহ	Salat tarawih
Prescribed Punishments (Kitab Al-Hudud)	حدود (کتاب الحدود)	निर्धारित दंड (किताब अल-हुदूद)	হুদুদ (কিতাবুল হুদুদ)	Hudud (Kitab Al-Hudud)
Prophetic Commentary on the Qur'an (Tafseer of the Prophet (pbuh))	تفسیرِ نبوی	नबी की तफ़सीर	নবীর তাফসির	Tafsir Nabi atas Al-Qur'an
Prophets	انبیاء	नबीगण	নবীগণ	Para nabi
Prostration During Recital of Qur'an	سجدۂ تلاوت	तिलावत का सजदा	তিলাওয়াতের সিজদা	Sujud tilawah
Purification (Kitab Al-Taharah)	طہارت (کتاب الطہارۃ)	पवित्रता (किताब अत-तहारह)	পবিত্রতা (কিতাবুত তাহারাহ)	Bersuci (Kitab Al-Taharah)
Representation, Authorization, Business by Proxy	وکالت	प्रतिनिधित्व और अधिकृत व्यापार	প্রতিনিধিত্ব ও অনুমোদিত ব্যবসা	Perwakilan dan usaha melalui wakil
Retiring to a Mosque for Remembrance of Allah (I'tikaf)	اعتکاف	एतिकाफ़	ইতিকাফ	Iktikaf
Revelation	وحی	वह्य	ওয়াহী	Wahyu
Rubbing hands and feet with dust (Tayammum)	تیمم	तयम्मुम	তায়াম্মুম	Tayamum
Sacrifice (Kitab Al-Dahaya)	قربانی (کتاب الضحایا)	कुरबानी (किताब अद-दहाया)	কুরবানি (কিতাবুদ দাহায়া)	Kurban (Kitab Al-Dahaya)
Sacrifice on Occasion of Birth (`Aqiqa)	عقیقہ	अक़ीक़ा	আকিকা	Akikah
Sales and Trade	خرید و فروخت	खरीद-बिक्री	ক্রয়-বিক্রয়	Jual beli
Sales in which a Price is paid for Goods to be Delivered Later (As-Salam)	بیعِ سلم	बाद में माल देने वाली बिक्री (अस-सलम)	পরে পণ্য সরবরাহের বিক্রি (আস-সলম)	Jual beli salam
Shares of Inheritance (Kitab Al-Fara'id)	حصوںِ میراث (کتاب الفرائض)	विरासत के हिस्से (किताब अल-फ़राइद)	মিরাসের অংশ (কিতাবুল ফারাইদ)	Bagian warisan (Kitab Al-Fara'id)
Shortening the Prayers (At-Taqseer)	قصرِ نماز	नमाज़ क़सर करना	নামাজ কসর	Mengqasar salat
Shuf'a	شفعہ	शुफ़आ	শুফআ	Syuf'ah
Signet-Rings (Kitab Al-Khatam)	انگوٹھیاں (کتاب الخاتم)	अंगूठियाँ (किताब अल-खातम)	আংটি (কিতাবুল খাতাম)	Cincin (Kitab Al-Khatam)
Supplication	دعا	दुआ	দোয়া	Doa
Supporting the Family	نان و نفقہ	परिवार का भरण-पोषण	পরিবারের ভরণপোষণ	Nafkah keluarga
The Book Concerning the Use of Correct Words	کتابِ الفاظ کی درستگی	सही शब्दों के प्रयोग की किताब	সঠিক শব্দ ব্যবহারের কিতাব	Kitab penggunaan kata yang benar
The Book Of Faith and its Signs	کتاب الایمان اور اس کی علامات	ईमान और उसकी निशानियों की किताब	ঈমান ও তার নিদর্শনের কিতাব	Kitab iman dan tanda-tandanya
The Book Of The Prayer For Rain (Kitab al-Istisqa')	کتاب الاستسقاء	वृष्टि की नमाज़ की किताब	ইস্তিসকার কিতাব	Kitab salat istisqa
The Book On The Mosques And The Congregations	کتاب المساجد والجماعات	मस्जिदों और जमाअतों की किताब	মসজিদ ও জামাতের কিতাব	Kitab masjid dan jamaah
The Book Pertaining to the Remembrance of Allah, Supplication, Repentance and Seeking Forgiveness	کتاب ذکر، دعا، توبہ اور استغفار	अल्लाह की याद, दुआ, तौबा और इस्तिग़फ़ार की किताब	যিকির, দোয়া, তওবা ও ইস্তিগফারের কিতাব	Kitab zikir, doa, tobat, dan istigfar
The Book of 'Umra	کتاب العمریٰ	उम्री (आजीवन दान) की किताब	উমরী (জীবনকালীন দান)-এর কিতাব	Kitab umra (hibah seumur hidup)
The Book of Adornment	کتاب الزینہ	श्रृंगार की किताब	সৌন্দর্যের কিতাব	Kitab perhiasan
The Book of Agriculture	کتاب المزارعہ	कृषि की किताब	কৃষির কিতাব	Kitab pertanian
The Book of Clothes and Adornment	کتاب لباس و زینت	वस्त्र और श्रृंगार की किताब	পোশাক ও সৌন্দর্যের কিতাব	Kitab pakaian dan perhiasan
The Book of Commentary on the Qur'an	کتاب تفسیر القرآن	कुरआन की तफ़सीर की किताब	কুরআনের তাফসিরের কিতাব	Kitab tafsir Al-Qur'an
The Book of Cutting off the Hand of the Thief	کتاب قطع ید السارق	चोर का हाथ काटने की किताब	চোরের হাত কাটার কিতাব	Kitab potong tangan pencuri
The Book of Destiny	کتاب القدر	तक़दीर की किताब	তাকদিরের কিতাব	Kitab takdir
The Book of Distribution of Al-Fay'	کتاب الفیء	अल-फ़य के वितरण की किताब	আল-ফাই বণ্টনের কিতাব	Kitab pembagian fai
The Book of Divorce	کتاب الطلاق	तलाक की किताब	তালাকের কিতাব	Kitab talak
The Book of Dreams	کتاب الرؤیا	स्वप्नों की किताब	স্বপ্নের কিতাব	Kitab mimpi
The Book of Drinks	کتاب الاشربہ	पेय की किताब	পানীয়ের কিতাব	Kitab minuman
The Book of Eclipses	کتاب الکسوف	ग्रहण की किताब	গ্রহণের কিতাব	Kitab gerhana
The Book of Emancipating Slaves	کتاب العتق	दास मुक्ति की किताब	দাসমুক্তির কিতাব	Kitab memerdekakan budak
The Book of Endowments	کتاب الوقف	वक्फ़ की किताब	ওয়াকফের কিতাব	Kitab wakaf
The Book of Faith	کتاب الایمان	ईमान की किताब	ঈমানের কিতাব	Kitab iman
The Book of Fasting	کتاب الصیام	रोज़े की किताब	রোজার কিতাব	Kitab puasa
The Book of Fighting [The Prohibition of Bloodshed]	کتاب القتال [خونریزی کی ممانعت]	युद्ध की किताब [रक्तपात का निषेध]	যুদ্ধের কিতাব [রক্তপাত নিষিদ্ধ]	Kitab berperang [larangan pertumpahan darah]
The Book of Financial Transactions	کتاب المعاملات	वित्तीय लेन-देन की किताब	আর্থিক লেনদেনের কিতাব	Kitab transaksi keuangan
The Book of Forgetfulness (In Prayer)	کتاب السہو	नमाज़ में भूल की किताब	নামাজে ভুলের কিতাব	Kitab sahwi (lupa dalam salat)
The Book of Funerals	کتاب الجنائز	जनाज़ों की किताब	জানাজার কিতাব	Kitab jenazah
The Book of Ghusl and Tayammum	کتاب الغسل والتیمم	ग़ुस्ल और तयम्मुम की किताब	গোসল ও তায়াম্মুমের কিতাব	Kitab ghusl dan tayamum
The Book of Gifts	کتاب الہبہ	उपहारों की किताब	উপহারের কিতাব	Kitab hadiah
The Book of Greetings	کتاب السلام	अभिवादन की किताब	সালামের কিতাব	Kitab salam
The Book of Hajj	کتاب الحج	हज की किताब	হজের কিতাব	Kitab haji
The Book of Heart-Melting Traditions	کتاب الرقائق	हृदय पिघलाने वाली रिवायतों की किताब	হৃদয় গলানো হাদিসের কিতাব	Kitab riwayat yang melembutkan hati
The Book of Horses, Races and Shooting	کتاب الخیل، دوڑ اور تیراندازی	घोड़े, दौड़ और निशानेबाज़ी की किताब	ঘোড়া, দৌড় ও তীরন্দাজির কিতাব	Kitab kuda, pacuan, dan memanah
The Book of Hunting and Slaughtering	کتاب الصید والذبائح	शिकार और ज़बह की किताब	শিকার ও জবাইয়ের কিতাব	Kitab berburu dan menyembelih
The Book of Hunting, Slaughter, and what may be Eaten	کتاب الصید، ذبیحہ اور حلال کھانے	शिकार, ज़बह और खाने योग्य वस्तुओं की किताब	শিকার, জবাই ও খাদ্যের কিতাব	Kitab buruan, sembelihan, dan yang halal dimakan
The Book of I'tikaf	کتاب الاعتکاف	एतिकाफ़ की किताब	ইতিকাফের কিতাব	Kitab iktikaf
The Book of Invoking Curses	کتاب اللعان	लियान की किताब	লিআনের কিতাব	Kitab lian
The Book of Jihad	کتاب الجہاد	जिहाद की किताब	জিহাদের কিতাব	Kitab jihad
The Book of Jihad and Expeditions	کتاب الجہاد والغزوات	जिहाद और सैन्य यात्राओं की किताब	জিহাদ ও অভিযানের কিতাব	Kitab jihad dan ekspedisi
The Book of Judicial Decisions	کتاب القضاء	न्यायिक निर्णयों की किताब	বিচারিক সিদ্ধান্তের কিতাব	Kitab keputusan hakim
The Book of Jumu'ah (Friday Prayer)	کتاب الجمعہ	जुमे की किताब	জুমার কিতাব	Kitab Jumat
The Book of Knowledge	کتاب العلم	ज्ञान की किताब	জ্ঞানের কিতাব	Kitab ilmu
The Book of Leading the Prayer (Al-Imamah)	کتاب الامامہ	नमाज़ की इमामत की किताब	ইমামতির কিতাব	Kitab imamah
The Book of Legal Punishments	کتاب الحدود	कानूनी दंड की किताब	আইনি শাস্তির কিতাব	Kitab hukuman syariat
The Book of Lost Property	کتاب اللقطہ	खोई हुई संपत्ति की किताब	হারানো সম্পত্তির কিতাব	Kitab barang temuan
The Book of Lost and Found Items	کتاب اشیائے گمشدہ	खोई-पाई वस्तुओं की किताब	হারানো ও পাওয়া জিনিসের কিতাব	Kitab barang hilang dan temuan
The Book of Manners and Etiquette	کتاب الآداب	शिष्टाचार की किताब	শিষ্টাচারের কিতাব	Kitab adab
The Book of Manumission of Slaves	کتاب العتق	दास मुक्ति की किताब	দাসমুক্তির কিতাব	Kitab memerdekakan budak
The Book of Marriage	کتاب النکاح	निकाह की किताब	নিকाहের কিতাব	Kitab pernikahan
The Book of Menstruation	کتاب الحیض	मासिक धर्म की किताब	হায়েজের কিতাব	Kitab haid
The Book of Menstruation and Istihadah	کتاب الحیض والاستحاضہ	हाएज़ और इस्तिहाज़ा की किताब	হায়েজ ও ইস্তিহাজার কিতাব	Kitab haid dan istihadah
The Book of Mosques and Places of Prayer	کتاب المساجد ومواضع الصلوٰۃ	मस्जिदों और नमाज़गाहों की किताब	মসজিদ ও নামাজের স্থানের কিতাব	Kitab masjid dan tempat salat
The Book of Musaqah	کتاب المساقاۃ	मुसाकाह की किताब	মুসাকার কিতাব	Kitab musaqah
The Book of Oaths	کتاب الایمان	क़समों की किताब	শপথের কিতাব	Kitab sumpah
The Book of Oaths (qasamah), Retaliation and Blood Money	کتاب القسامہ، قصاص اور دیت	क़समाह, क़िसास और दियत की किताब	কাসামাহ, কিসাস ও দিয়াতের কিতাব	Kitab qasamah, kisas, dan diyat
The Book of Oaths, Muharibin, Qasas (Retaliation), and Diyat (Blood Money)	کتاب الایمان، محاربین، قصاص اور دیت	क़सम, मुहारिबीन, क़िसास और दियत की किताब	শপথ, মুহারিবিন, কিসাস ও দিয়াতের কিতাব	Kitab sumpah, muharibin, kisas, dan diyat
The Book of Paradise, its Description, its Bounties and its Inhabitants	کتاب الجنۃ: اس کی صفات، نعمتیں اور رہنے والے	जन्नत, उसके वर्णन, नेमतों और निवासियों की किताब	জান্নাত, তার বিবরণ, নিয়ামত ও অধিবাসীদের কিতাব	Kitab surga: sifat, nikmat, dan penghuninya
The Book of Pilgrimage	کتاب الحج	तीर्थयात्रा की किताब	হজের কিতাব	Kitab haji
The Book of Poetry	کتاب الشعر	कविता की किताब	কবিতার কিতাব	Kitab syair
The Book of Prayer - Eclipses	کتاب صلوٰۃ الکسوف	ग्रहण की नमाज़ की किताब	গ্রহণের নামাজের কিতাব	Kitab salat gerhana
The Book of Prayer - Friday	کتاب صلوٰۃ الجمعہ	जुमे की नमाज़ की किताब	জুমার নামাজের কিতাব	Kitab salat Jumat
The Book of Prayer - Funerals	کتاب صلوٰۃ الجنائز	जनाज़े की नमाज़ की किताब	জানাজার নামাজের কিতাব	Kitab salat jenazah
The Book of Prayer - Rain	کتاب صلوٰۃ الاستسقاء	वर्षा की नमाज़ की किताब	বৃষ্টির নামাজের কিতাব	Kitab salat istisqa
The Book of Prayer - Travellers	کتاب صلوٰۃ المسافرین	यात्रियों की नमाज़ की किताब	মুসাফিরের নামাজের কিতাব	Kitab salat musafir
The Book of Prayer - Two Eids	کتاب صلوٰۃ العیدین	दो ईदों की नमाज़ की किताब	দুই ঈদের নামাজের কিতাব	Kitab salat dua hari raya
The Book of Prayers	کتاب الصلوٰۃ	नमाज़ों की किताब	নামাজের কিতাব	Kitab salat
The Book of Praying for Rain (Al-Istisqa')	کتاب الاستسقاء	वृष्टि की दुआ की किताब	ইস্তিসকার কিতাব	Kitab istisqa
The Book of Presents	کتاب الہدایا	भेंटों की किताब	উপহারের কিতাব	Kitab hadiah
The Book of Purification	کتاب الطہارۃ	पवित्रता की किताब	পবিত্রতার কিতাব	Kitab bersuci
The Book of Purification and its Sunnah	کتاب الطہارۃ اور اس کی سنت	पवित्रता और उसकी सुन्नत की किताब	পবিত্রতা ও তার সুন্নাহর কিতাব	Kitab bersuci dan sunahnya
The Book of Qiyam Al-Lail (The Night Prayer) and Voluntary Prayers During the Day	کتاب قیام اللیل اور دن کے نوافل	रात की नमाज़ और दिन के नफ़्ल की किताब	কিয়ামুল লাইল ও দিনের নফল নামাজের কিতাব	Kitab kiamul lail dan salat sunah siang
The Book of Repentance	کتاب التوبہ	तौबा की किताब	তওবার কিতাব	Kitab tobat
The Book of Sacrifices	کتاب الضحایا	कुरबानी की किताब	কুরবানির কিতাব	Kitab kurban
The Book of Salah	کتاب الصلوٰۃ	सलाह की किताब	সালাতের কিতাব	Kitab salat
The Book of Seeking Refuge with Allah	کتاب الاستعاذہ	अल्लाह की पनाह माँगने की किताब	আল্লাহর আশ্রয় প্রার্থনার কিতাব	Kitab memohon perlindungan kepada Allah
The Book of Shortening the Prayer When Traveling	کتاب قصر الصلوٰۃ فی السفر	यात्रा में नमाज़ क़सर करने की किताब	সফরে নামাজ কসরের কিতাব	Kitab mengqasar salat dalam perjalanan
The Book of Suckling	کتاب الرضاع	दूधपान की किताब	দুধপানের কিতাব	Kitab susuan
The Book of The At-Tatbiq (Clasping One's Hands Together)	کتاب التطبیق	अत-तत्बीक़ की किताब	আত-তাতবিকের কিতাব	Kitab at-tatbiq (merapatkan kedua tangan)
The Book of Transactions	کتاب البیوع	लेन-देन की किताब	লেনদেনের কিতাব	Kitab transaksi
The Book of Tribulations and Portents of the Last Hour	کتاب الفتن اور قیامت کی نشانیاں	उपद्रव और अंतिम समय के लक्षणों की किताब	ফিতনা ও কিয়ামতের নিদর্শনের কিতাব	Kitab fitnah dan tanda-tanda kiamat
The Book of Virtue, Enjoining Good Manners, and Joining of the Ties of Kinship	کتاب البر، حسنِ اخلاق اور صلہ رحمی	नेकी, सदाचार और नातेदारी की किताब	সৎকর্ম, শিষ্টাচার ও আত্মীয়তার কিতাব	Kitab kebajikan, adab, dan silaturahmi
The Book of Virtues	کتاب الفضائل	फ़ज़ीलतों की किताब	ফজিলতের কিতাব	Kitab keutamaan
The Book of Vows	کتاب النذور	मन्नतों की किताब	মানতের কিতাব	Kitab nazar
The Book of Water	کتاب المیاه	जल की किताब	পানির কিতাব	Kitab air
The Book of Wills	کتاب الوصایا	वसीयतों की किताब	ওয়াসিয়াতের কিতাব	Kitab wasiat
The Book of Zakah	کتاب الزکوٰۃ	ज़काह की किताब	যাকাতের কিতাব	Kitab zakat
The Book of Zakat	کتاب الزکوٰۃ	ज़कात की किताब	যাকাতের কিতাব	Kitab zakat
The Book of Zuhd and Softening of Hearts	کتاب الزہد ورقّتِ قلب	जुहद और हृदय को नरम करने की किताब	জুহদ ও হৃদয় কোমল করার কিতাব	Kitab zuhud dan pelembutan hati
The Book of ad-Dahaya (Sacrifices)	کتاب الضحایا	अद-दहाया की किताब	আদ-দাহায়ার কিতাব	Kitab ad-dahaya (kurban)
The Book of al-'Aqiqah	کتاب العقیقہ	अल-अक़ीक़ह की किताब	আল-আকিকার কিতাব	Kitab akikah
The Book of al-Bay'ah	کتاب البیعہ	अल-बैअह की किताब	আল-বায়আর কিতাব	Kitab baiat
The Book of al-Fara' and al-'Atirah	کتاب الفرع والعتیرہ	अल-फ़रअ और अल-अतीरह की किताब	আল-ফারা ও আল-আতিরাহর কিতাব	Kitab al-fara' dan al-atirah
The Book of ar-Ruqba	کتاب الرقبیٰ	अर-रुक़बा की किताब	আর-রুকবার কিতাব	Kitab ruqba
The Book of the Adhan (The Call to Prayer)	کتاب الاذان	अज़ान की किताब	আজানের কিতাব	Kitab azan
The Book of the Adhan and the Sunnah Regarding It	کتاب الاذان اور اس کی سنت	अज़ान और उसकी सुन्नत की किताब	আজান ও তার সুন্নাহর কিতাব	Kitab azan dan sunahnya
The Book of the Commencement of the Prayer	کتاب افتتاح الصلوٰۃ	नमाज़ शुरू करने की किताब	নামাজ শুরুর কিতাব	Kitab pembukaan salat
The Book of the Etiquette of Judges	کتاب آداب القاضی	न्यायाधीशों के शिष्टाचार की किताब	বিচারকের আদবের কিতাব	Kitab adab hakim
The Book of the Fear Prayer	کتاب صلوٰۃ الخوف	भय की नमाज़ की किताब	ভয়ের নামাজের কিতাব	Kitab salat khauf
The Book of the Kind Treatment of Women	کتاب حسنِ سلوک مع النساء	स्त्रियों के साथ अच्छा व्यवहार की किताब	নারীদের প্রতি সদাচরণের কিতাব	Kitab berbuat baik kepada wanita
The Book of the Masjids	کتاب المساجد	मस्जिदों की किताब	মসজিদের কিতাব	Kitab masjid
The Book of the Merits of the Companions	کتاب فضائل الصحابہ	सहाबा की फ़ज़ीलत की किताब	সাহাবিদের ফজিলতের কিতাব	Kitab keutamaan sahabat
The Book of the Prayer	کتاب الصلوٰۃ	नमाज़ की किताब	নামাজের কিতাব	Kitab salat
The Book of the Prayer for the Two 'Eids	کتاب صلوٰۃ العیدین	दो ईदों की नमाज़ की किताब	দুই ঈদের নামাজের কিতাব	Kitab salat dua hari raya
The Book of the Qiblah	کتاب القبلہ	क़िबला की किताब	কিবলার কিতাব	Kitab kiblat
The Book of the Rules of Inheritance	کتاب الفرائض	विरासत के नियमों की किताब	মিরাসের নিয়মের কিতাব	Kitab hukum waris
The Book of the Sunnah	کتاب السنّہ	सुन्नत की किताब	সুন্নাহর কিতাব	Kitab sunah
The Book of the Times (of Prayer)	کتاب مواقیت الصلوٰۃ	नमाज़ के समयों की किताब	নামাজের সময়ের কিতাব	Kitab waktu salat
The Book on Al-Witr	کتاب الوتر	अल-वित्र की किताब	আল-বিতরের কিতাব	Kitab witir
The Book on Blood Money	کتاب الدیات	दियत की किताब	দিয়াতের কিতাব	Kitab diyat
The Book on Business	کتاب التجارة	व्यापार की किताब	ব্যবসার কিতাব	Kitab bisnis
The Book on Clothing	کتاب اللباس	वस्त्रों की किताब	পোশাকের কিতাব	Kitab pakaian
The Book on Divorce and Li'an	کتاب الطلاق واللعان	तलाक और लियान की किताब	তালাক ও লিআনের কিতাব	Kitab talak dan lian
The Book on Drinks	کتاب الاشربہ	पेय की किताब	পানীয়ের কিতাব	Kitab minuman
The Book on Faith	کتاب الایمان	ईमान की किताब	ঈমানের কিতাব	Kitab iman
The Book on Fasting	کتاب الصیام	रोज़े की किताब	রোজার কিতাব	Kitab puasa
The Book on Food	کتاب الطعام	भोजन की किताब	খাবারের কিতাব	Kitab makanan
The Book on Government	کتاب الامارہ	शासन की किताब	শাসনব্যবস্থার কিতাব	Kitab pemerintahan
The Book on Hajj	کتاب الحج	हज की किताब	হজের কিতাব	Kitab haji
The Book on Hunting	کتاب الصید	शिकार की किताब	শিকারের কিতাব	Kitab berburu
The Book on Jana''iz (Funerals)	کتاب الجنائز	जनाज़ों की किताब	জানাজার কিতাব	Kitab jenazah
The Book on Jihad	کتاب الجہاد	जिहाद की किताब	জিহাদের কিতাব	Kitab jihad
The Book on Legal Punishments (Al-Hudud)	کتاب الحدود	कानूनी दंड (अल-हुदूद) की किताब	হুদুদের কিতাব	Kitab hudud
The Book on Marriage	کتاب النکاح	निकाह की किताब	নিকाहের কিতাব	Kitab pernikahan
The Book on Military Expeditions	کتاب المغازی	सैन्य अभियानों की किताब	সামরিক অভিযানের কিতাব	Kitab ekspedisi militer
The Book on Purification	کتاب الطہارۃ	पवित्रता की किताब	পবিত্রতার কিতাব	Kitab bersuci
The Book on Sacrifices	کتاب الضحایا	कुरबानी की किताब	কুরবানির কিতাব	Kitab kurban
The Book on Salat (Prayer)	کتاب الصلوٰۃ	सलात की किताब	সালাতের কিতাব	Kitab salat
The Book on Suckling	کتاب الرضاع	दूधपान की किताब	দুধপানের কিতাব	Kitab susuan
The Book on Traveling	کتاب السفر	यात्रा की किताब	সফরের কিতাব	Kitab bepergian
The Book on Virtues of Jihad	کتاب فضائل الجہاد	जिहाद की फ़ज़ीलत की किताब	জিহাদের ফজিলতের কিতাব	Kitab keutamaan jihad
The Book on Vows and Oaths	کتاب النذور والایمان	मन्नत और क़सम की किताब	মানত ও শপথের কিতাব	Kitab nazar dan sumpah
The Book on Zakat	کتاب الزکوٰۃ	ज़कात की किताब	যাকাতের কিতাব	Kitab zakat
The Book on the Day of Friday	کتاب یوم الجمعہ	जुमे के दिन की किताब	জুমার দিনের কিতাব	Kitab hari Jumat
The Book on the Description of Hellfire	کتاب صفۃ النار	जहन्नम के वर्णन की किताब	জাহান্নামের বিবরণের কিতাব	Kitab sifat neraka
The Book on the Two Eids	کتاب العیدین	दो ईदों की किताब	দুই ঈদের কিতাব	Kitab dua hari raya
The Chapters On Judgements From The Messenger of Allah	رسول اللہ کے فیصلوں کے ابواب	अल्लाह के रसूल के निर्णयों के अध्याय	রাসূলুল্লাহর বিচার সংক্রান্ত অধ্যায়	Bab keputusan dari Rasulullah
The Chapters Regarding Zakat	زکوٰۃ کے ابواب	ज़कात के अध्याय	যাকাত সংক্রান্ত অধ্যায়	Bab zakat
The Chapters on Blood Money	دیت کے ابواب	दियत के अध्याय	দিয়াত সংক্রান্ত অধ্যায়	Bab diyat
The Chapters on Business Transactions	تجارتی معاملات کے ابواب	व्यापारिक लेन-देन के अध्याय	ব্যবসায়িক লেনদেন সংক্রান্ত অধ্যায়	Bab transaksi bisnis
The Chapters on Charity	صدقات کے ابواب	दान के अध्याय	দান সংক্রান্ত অধ্যায়	Bab sedekah
The Chapters on Divorce	طلاق کے ابواب	तलाक के अध्याय	তালাক সংক্রান্ত অধ্যায়	Bab talak
The Chapters on Expiation	کفارہ کے ابواب	कफ़्फ़ारे के अध्याय	কাফফারা সংক্রান্ত অধ্যায়	Bab kafarat
The Chapters on Gifts	ہبہ کے ابواب	उपहारों के अध्याय	উপহার সংক্রান্ত অধ্যায়	Bab hadiah
The Chapters on Jihad	جہاد کے ابواب	जिहाद के अध्याय	জিহাদ সংক্রান্ত অধ্যায়	Bab jihad
The Chapters on Legal Punishments	حدود کے ابواب	कानूनी दंड के अध्याय	আইনি শাস্তি সংক্রান্ত অধ্যায়	Bab hukuman syariat
The Chapters on Lost Property	لقطہ کے ابواب	खोई संपत्ति के अध्याय	হারানো সম্পত্তি সংক্রান্ত অধ্যায়	Bab barang temuan
The Chapters on Manumission (of Slaves)	عتق کے ابواب	दास मुक्ति के अध्याय	দাসমুক্তি সংক্রান্ত অধ্যায়	Bab memerdekakan budak
The Chapters on Marriage	نکاح کے ابواب	निकाह के अध्याय	নিকाह সংক্রান্ত অধ্যায়	Bab pernikahan
The Chapters on Pawning	رہن کے ابواب	गिरवी के अध्याय	বন্ধক সংক্রান্ত অধ্যায়	Bab gadai
The Chapters on Pre-emption	شفعہ کے ابواب	पूर्वक्रय के अध्याय	শুফআ সংক্রান্ত অধ্যায়	Bab syuf'ah
The Chapters on Rulings	احکام کے ابواب	निर्णयों के अध्याय	বিধান সংক্রান্ত অধ্যায়	Bab hukum
The Chapters on Wills	وصایا کے ابواب	वसीयतों के अध्याय	ওয়াসিয়াত সংক্রান্ত অধ্যায়	Bab wasiat
The Office of the Judge (Kitab Al-Aqdiyah)	منصبِ قاضی (کتاب الاقضیہ)	न्यायाधीश का पद (किताब अल-अकदियह)	বিচারকের পদ (কিতাবুল আকদিয়াহ)	Jabatan hakim (Kitab Al-Aqdiyah)
The Promised Deliverer (Kitab Al-Mahdi)	مہدیِ موعود (کتاب المہدی)	वादा किया हुआ उद्धारक (किताब अल-महदी)	প্রতিশ্রুত মুক্তিদাতা (কিতাবুল মাহদি)	Al-Mahdi yang dijanjikan (Kitab Al-Mahdi)
The Rites of Hajj (Kitab Al-Manasik Wa'l-Hajj)	مناسکِ حج (کتاب المناسک والحج)	हज के अनुष्ठान (किताब अल-मनासिक वल-हज)	হজের অনুষ্ঠান (কিতাবুল মানাসিক ওয়াল হজ)	Manasik haji (Kitab Al-Manasik Wa'l-Hajj)
The Two Festivals (Eids)	عیدین	दो ईदें	দুই ঈদ	Dua hari raya (Idulfitri dan Iduladha)
Times of the Prayers	اوقاتِ نماز	नमाज़ के समय	নামাজের সময়	Waktu-waktu salat
To make the Heart Tender (Ar-Riqaq)	رقّتِ قلب (الرقاق)	हृदय को कोमल करना (अर-रिक़ाक)	হৃদয় কোমল করা (আর-রিকাক)	Pelembutan hati (Ar-Riqaq)
Transferance of a Debt from One Person to Another (Al-Hawaala)	حوالہ	कर्ज़ का हस्तांतरण (अल-हवाला)	ঋণ স্থানান্তর (আল-হাওয়ালা)	Pengalihan utang (Al-Hawalah)
Trials and Fierce Battles (Kitab Al-Fitan Wa Al-Malahim)	فتنے اور شدید جنگیں (کتاب الفتن والملاحم)	उपद्रव और भीषण युद्ध (किताब अल-फितन वल-मलाहिम्)	ফিতনা ও প্রচণ্ড যুদ্ধ (কিতাবুল ফিতন ওয়াল মালাহিম)	Fitnah dan peperangan dahsyat (Kitab Al-Fitan Wa Al-Malahim)
Tribulations	فتنے	उपद्रव	ফিতনা	Fitnah
Tribute, Spoils, and Rulership (Kitab Al-Kharaj, Wal-Fai' Wal-Imarah)	خراج، غنیمت اور امارت	कर, युद्ध-लूट और शासन	খারাজ, গনিমত ও শাসন	Kharaj, fai, dan pemerintahan
Tricks	حیلے	चालें	চাতুরি	Helah
Types of Blood-Wit (Kitab Al-Diyat)	اقسامِ دیت (کتاب الدیات)	दियत के प्रकार (किताब अद-दियात)	দিয়াতের প্রকার (কিতাবুদ দিয়াত)	Jenis-jenis diyat (Kitab Al-Diyat)
Virtues and Merits of the Prophet (pbuh) and his Companions	فضائلِ نبی اور صحابہ	नबी और सहाबा की फ़ज़ीलतें	নবী ও সাহাবিদের ফজিলত	Keutamaan Nabi dan para sahabat
Virtues of Madinah	فضائلِ مدینہ	मदीना की फ़ज़ीलत	মদিনার ফজিলত	Keutamaan Madinah
Virtues of Prayer at Masjid Makkah and Madinah	مسجد حرام اور مسجد نبوی میں نماز کی فضیلت	मक्का और मदीना की मस्जिद में नमाज़ की फ़ज़ीलत	মক্কা ও মদিনার মসজিদে নামাজের ফজিলত	Keutamaan salat di Masjid Makkah dan Madinah
Virtues of the Night of Qadr	فضیلتِ لیلۃ القدر	शब्-ए-क़द्र की फ़ज़ीलत	লাইলাতুল কদরের ফজিলত	Keutamaan Lailatulqadar
Virtues of the Qur'an	فضائلِ قرآن	कुरआन की फ़ज़ीलत	কুরআনের ফজিলত	Keutamaan Al-Qur'an
Wages (Kitab Al-Ijarah)	اجرت (کتاب الاجارہ)	मज़दूरी (किताब अल-इजारह)	মজুরি (কিতাবুল ইজারাহ)	Upah (Kitab Al-Ijarah)
Wedlock, Marriage (Nikaah)	نکاح	निकाह	নিকाह	Pernikahan (Nikah)
Wills (Kitab Al-Wasaya)	وصیت (کتاب الوصایا)	वसीयत (किताब अल-वसाया)	ওয়াসিয়াত (কিতাবুল ওয়াসায়া)	Wasiat (Kitab Al-Wasaya)
Wills and Testaments (Wasaayaa)	وصیتیں	वसीयतें	ওয়াসিয়াতসমূহ	Wasiat
Wishes	تمنائیں	इच्छाएँ	ইচ্ছা	Keinginan
Witnesses	گواہ	गवाह	সাক্ষী	Saksi
Witr Prayer	نمازِ وتر	वित्र नमाज़	বিতর নামাজ	Salat witir
Zakat (Kitab Al-Zakat)	زکوٰۃ (کتاب الزکوٰۃ)	ज़कात (किताब अज़-ज़कात)	যাকাত (কিতাবুজ যাকাত)	Zakat (Kitab Al-Zakat)
Zuhd	زہد	जुहद	জুহদ	Zuhud
`Umrah (Minor pilgrimage)	عمرہ	उमरा	উমরা	Umrah
